date,game,winner,loser,Game Description
2016-10-02,2016010057,Pittsburgh Penguins,Columbus Blue Jackets,2016-10-02 - Pittsburgh Penguins beat Columbus Blue Jackets
2016-10-05,2016010082,Detroit Red Wings,Pittsburgh Penguins,2016-10-05 - Pittsburgh Penguins lost to Detroit Red Wings
2016-10-08,2016010102,Columbus Blue Jackets,Pittsburgh Penguins,2016-10-08 - Pittsburgh Penguins lost to Columbus Blue Jackets
2016-10-14,2016020007,Pittsburgh Penguins,Washington Capitals,2016-10-14 - Pittsburgh Penguins beat Washington Capitals
2016-10-15,2016020021,Pittsburgh Penguins,Anaheim Ducks,2016-10-15 - Pittsburgh Penguins beat Anaheim Ducks
2016-10-17,2016020034,Colorado Avalanche,Pittsburgh Penguins,2016-10-17 - Pittsburgh Penguins lost to Colorado Avalanche
2016-10-18,2016020040,Montréal Canadiens,Pittsburgh Penguins,2016-10-18 - Pittsburgh Penguins lost to Montréal Canadiens
2016-10-20,2016020053,Pittsburgh Penguins,San Jose Sharks,2016-10-20 - Pittsburgh Penguins beat San Jose Sharks
2016-10-23,2016020073,Nashville Predators,Pittsburgh Penguins,2016-10-23 - Pittsburgh Penguins lost to Nashville Predators
2016-10-25,2016020086,Pittsburgh Penguins,Florida Panthers,2016-10-25 - Pittsburgh Penguins beat Florida Panthers
2016-10-27,2016020100,Pittsburgh Penguins,New York Islanders,2016-10-27 - Pittsburgh Penguins beat New York Islanders
2016-10-29,2016020117,Pittsburgh Penguins,Philadelphia Flyers,2016-10-29 - Pittsburgh Penguins beat Philadelphia Flyers
2016-11-03,2016020145,Pittsburgh Penguins,Anaheim Ducks,2016-11-03 - Pittsburgh Penguins beat Anaheim Ducks
2016-11-04,2016020156,Los Angeles Kings,Pittsburgh Penguins,2016-11-04 - Pittsburgh Penguins lost to Los Angeles Kings
2016-11-06,2016020173,Pittsburgh Penguins,San Jose Sharks,2016-11-06 - Pittsburgh Penguins beat San Jose Sharks
2016-11-09,2016020186,Pittsburgh Penguins,Edmonton Oilers,2016-11-09 - Pittsburgh Penguins beat Edmonton Oilers
2016-11-11,2016020197,Minnesota Wild,Pittsburgh Penguins,2016-11-11 - Pittsburgh Penguins lost to Minnesota Wild
2016-11-13,2016020217,Pittsburgh Penguins,Toronto Maple Leafs,2016-11-13 - Pittsburgh Penguins beat Toronto Maple Leafs
2016-11-17,2016020243,Washington Capitals,Pittsburgh Penguins,2016-11-17 - Pittsburgh Penguins lost to Washington Capitals
2016-11-19,2016020255,Pittsburgh Penguins,New York Islanders,2016-11-19 - Pittsburgh Penguins beat New York Islanders
2016-11-20,2016020263,Buffalo Sabres,Pittsburgh Penguins,2016-11-20 - Pittsburgh Penguins lost to Buffalo Sabres
2016-11-22,2016020277,New York Rangers,Pittsburgh Penguins,2016-11-22 - Pittsburgh Penguins lost to New York Rangers
2016-11-24,2016020290,Pittsburgh Penguins,New York Rangers,2016-11-24 - Pittsburgh Penguins beat New York Rangers
2016-11-25,2016020303,Minnesota Wild,Pittsburgh Penguins,2016-11-25 - Pittsburgh Penguins lost to Minnesota Wild
2016-11-27,2016020317,Pittsburgh Penguins,New Jersey Devils,2016-11-27 - Pittsburgh Penguins beat New Jersey Devils
2016-12-01,2016020342,New York Islanders,Pittsburgh Penguins,2016-12-01 - Pittsburgh Penguins lost to New York Islanders
2016-12-02,2016020347,Pittsburgh Penguins,Dallas Stars,2016-12-02 - Pittsburgh Penguins beat Dallas Stars
2016-12-04,2016020365,Pittsburgh Penguins,Detroit Red Wings,2016-12-04 - Pittsburgh Penguins beat Detroit Red Wings
2016-12-06,2016020379,Pittsburgh Penguins,Ottawa Senators,2016-12-06 - Pittsburgh Penguins beat Ottawa Senators
2016-12-09,2016020400,Pittsburgh Penguins,Florida Panthers,2016-12-09 - Pittsburgh Penguins beat Florida Panthers
2016-12-11,2016020415,Pittsburgh Penguins,Tampa Bay Lightning,2016-12-11 - Pittsburgh Penguins beat Tampa Bay Lightning
2016-12-13,2016020429,Pittsburgh Penguins,Arizona Coyotes,2016-12-13 - Pittsburgh Penguins beat Arizona Coyotes
2016-12-15,2016020442,Pittsburgh Penguins,Boston Bruins,2016-12-15 - Pittsburgh Penguins beat Boston Bruins
2016-12-17,2016020454,Los Angeles Kings,Pittsburgh Penguins,2016-12-17 - Pittsburgh Penguins lost to Los Angeles Kings
2016-12-18,2016020462,Toronto Maple Leafs,Pittsburgh Penguins,2016-12-18 - Pittsburgh Penguins lost to Toronto Maple Leafs
2016-12-21,2016020483,Pittsburgh Penguins,New York Rangers,2016-12-21 - Pittsburgh Penguins beat New York Rangers
2016-12-23,2016020497,Columbus Blue Jackets,Pittsburgh Penguins,2016-12-23 - Pittsburgh Penguins lost to Columbus Blue Jackets
2016-12-24,2016020507,Pittsburgh Penguins,New Jersey Devils,2016-12-24 - Pittsburgh Penguins beat New Jersey Devils
2016-12-28,2016020517,Pittsburgh Penguins,New Jersey Devils,2016-12-28 - Pittsburgh Penguins beat New Jersey Devils
2016-12-29,2016020528,Pittsburgh Penguins,Carolina Hurricanes,2016-12-29 - Pittsburgh Penguins beat Carolina Hurricanes
2017-01-01,2016020552,Pittsburgh Penguins,Montréal Canadiens,2017-01-01 - Pittsburgh Penguins beat Montréal Canadiens
2017-01-08,2016020603,Pittsburgh Penguins,Tampa Bay Lightning,2017-01-08 - Pittsburgh Penguins beat Tampa Bay Lightning
2017-01-12,2016020622,Washington Capitals,Pittsburgh Penguins,2017-01-12 - Pittsburgh Penguins lost to Washington Capitals
2017-01-13,2016020625,Ottawa Senators,Pittsburgh Penguins,2017-01-13 - Pittsburgh Penguins lost to Ottawa Senators
2017-01-15,2016020644,Detroit Red Wings,Pittsburgh Penguins,2017-01-15 - Pittsburgh Penguins lost to Detroit Red Wings
2017-01-17,2016020661,Pittsburgh Penguins,Washington Capitals,2017-01-17 - Pittsburgh Penguins beat Washington Capitals
2017-01-19,2016020672,Pittsburgh Penguins,Montréal Canadiens,2017-01-19 - Pittsburgh Penguins beat Montréal Canadiens
2017-01-21,2016020687,Pittsburgh Penguins,Carolina Hurricanes,2017-01-21 - Pittsburgh Penguins beat Carolina Hurricanes
2017-01-22,2016020702,Pittsburgh Penguins,Boston Bruins,2017-01-22 - Pittsburgh Penguins beat Boston Bruins
2017-01-25,2016020717,St. Louis Blues,Pittsburgh Penguins,2017-01-25 - Pittsburgh Penguins lost to St. Louis Blues
2017-01-27,2016020728,Boston Bruins,Pittsburgh Penguins,2017-01-27 - Pittsburgh Penguins lost to Boston Bruins
2017-02-01,2016020743,Pittsburgh Penguins,Nashville Predators,2017-02-01 - Pittsburgh Penguins beat Nashville Predators
2017-02-04,2016020766,Pittsburgh Penguins,Columbus Blue Jackets,2017-02-04 - Pittsburgh Penguins beat Columbus Blue Jackets
2017-02-05,2016020779,Pittsburgh Penguins,St. Louis Blues,2017-02-05 - Pittsburgh Penguins beat St. Louis Blues
2017-02-08,2016020792,Calgary Flames,Pittsburgh Penguins,2017-02-08 - Pittsburgh Penguins lost to Calgary Flames
2017-02-10,2016020811,Pittsburgh Penguins,Colorado Avalanche,2017-02-10 - Pittsburgh Penguins beat Colorado Avalanche
2017-02-12,2016020826,Arizona Coyotes,Pittsburgh Penguins,2017-02-12 - Pittsburgh Penguins lost to Arizona Coyotes
2017-02-15,2016020837,Pittsburgh Penguins,Vancouver Canucks,2017-02-15 - Pittsburgh Penguins beat Vancouver Canucks
2017-02-17,2016020850,Pittsburgh Penguins,Winnipeg Jets,2017-02-17 - Pittsburgh Penguins beat Winnipeg Jets
2017-02-18,2016020855,Columbus Blue Jackets,Pittsburgh Penguins,2017-02-18 - Pittsburgh Penguins lost to Columbus Blue Jackets
2017-02-19,2016020870,Detroit Red Wings,Pittsburgh Penguins,2017-02-19 - Pittsburgh Penguins lost to Detroit Red Wings
2017-02-22,2016020884,Pittsburgh Penguins,Carolina Hurricanes,2017-02-22 - Pittsburgh Penguins beat Carolina Hurricanes
2017-02-26,2016020908,Pittsburgh Penguins,Philadelphia Flyers,2017-02-26 - Pittsburgh Penguins beat Philadelphia Flyers
2017-03-01,2016020930,Dallas Stars,Pittsburgh Penguins,2017-03-01 - Pittsburgh Penguins lost to Dallas Stars
2017-03-02,2016020935,Chicago Blackhawks,Pittsburgh Penguins,2017-03-02 - Pittsburgh Penguins lost to Chicago Blackhawks
2017-03-04,2016020946,Pittsburgh Penguins,Tampa Bay Lightning,2017-03-04 - Pittsburgh Penguins beat Tampa Bay Lightning
2017-03-05,2016020964,Pittsburgh Penguins,Buffalo Sabres,2017-03-05 - Pittsburgh Penguins beat Buffalo Sabres
2017-03-09,2016020984,Pittsburgh Penguins,Winnipeg Jets,2017-03-09 - Pittsburgh Penguins beat Winnipeg Jets
2017-03-11,2016020999,Pittsburgh Penguins,Edmonton Oilers,2017-03-11 - Pittsburgh Penguins beat Edmonton Oilers
2017-03-12,2016021009,Pittsburgh Penguins,Vancouver Canucks,2017-03-12 - Pittsburgh Penguins beat Vancouver Canucks
2017-03-14,2016021020,Calgary Flames,Pittsburgh Penguins,2017-03-14 - Pittsburgh Penguins lost to Calgary Flames
2017-03-15,2016021033,Philadelphia Flyers,Pittsburgh Penguins,2017-03-15 - Pittsburgh Penguins lost to Philadelphia Flyers
2017-03-17,2016021050,Pittsburgh Penguins,New Jersey Devils,2017-03-17 - Pittsburgh Penguins beat New Jersey Devils
2017-03-19,2016021064,Pittsburgh Penguins,Florida Panthers,2017-03-19 - Pittsburgh Penguins beat Florida Panthers
2017-03-21,2016021076,Pittsburgh Penguins,Buffalo Sabres,2017-03-21 - Pittsburgh Penguins beat Buffalo Sabres
2017-03-23,2016021093,Ottawa Senators,Pittsburgh Penguins,2017-03-23 - Pittsburgh Penguins lost to Ottawa Senators
2017-03-24,2016021101,New York Islanders,Pittsburgh Penguins,2017-03-24 - Pittsburgh Penguins lost to New York Islanders
2017-03-26,2016021117,Philadelphia Flyers,Pittsburgh Penguins,2017-03-26 - Pittsburgh Penguins lost to Philadelphia Flyers
2017-03-30,2016021137,Chicago Blackhawks,Pittsburgh Penguins,2017-03-30 - Pittsburgh Penguins lost to Chicago Blackhawks
2017-03-31,2016021150,Pittsburgh Penguins,New York Rangers,2017-03-31 - Pittsburgh Penguins beat New York Rangers
2017-04-02,2016021167,Pittsburgh Penguins,Carolina Hurricanes,2017-04-02 - Pittsburgh Penguins beat Carolina Hurricanes
2017-04-04,2016021181,Pittsburgh Penguins,Columbus Blue Jackets,2017-04-04 - Pittsburgh Penguins beat Columbus Blue Jackets
2017-04-06,2016021195,Pittsburgh Penguins,New Jersey Devils,2017-04-06 - Pittsburgh Penguins beat New Jersey Devils
2017-04-08,2016021211,Toronto Maple Leafs,Pittsburgh Penguins,2017-04-08 - Pittsburgh Penguins lost to Toronto Maple Leafs
2017-04-09,2016021226,New York Rangers,Pittsburgh Penguins,2017-04-09 - Pittsburgh Penguins lost to New York Rangers
2017-04-12,2016030141,Pittsburgh Penguins,Columbus Blue Jackets,2017-04-12 - Pittsburgh Penguins beat Columbus Blue Jackets
2017-04-14,2016030142,Pittsburgh Penguins,Columbus Blue Jackets,2017-04-14 - Pittsburgh Penguins beat Columbus Blue Jackets
2017-04-16,2016030143,Pittsburgh Penguins,Columbus Blue Jackets,2017-04-16 - Pittsburgh Penguins beat Columbus Blue Jackets
2017-04-18,2016030144,Columbus Blue Jackets,Pittsburgh Penguins,2017-04-18 - Pittsburgh Penguins lost to Columbus Blue Jackets
2017-04-20,2016030145,Pittsburgh Penguins,Columbus Blue Jackets,2017-04-20 - Pittsburgh Penguins beat Columbus Blue Jackets
2017-04-27,2016030221,Pittsburgh Penguins,Washington Capitals,2017-04-27 - Pittsburgh Penguins beat Washington Capitals
2017-04-30,2016030222,Pittsburgh Penguins,Washington Capitals,2017-04-30 - Pittsburgh Penguins beat Washington Capitals
2017-05-01,2016030223,Washington Capitals,Pittsburgh Penguins,2017-05-01 - Pittsburgh Penguins lost to Washington Capitals
2017-05-03,2016030224,Pittsburgh Penguins,Washington Capitals,2017-05-03 - Pittsburgh Penguins beat Washington Capitals
2017-05-06,2016030225,Washington Capitals,Pittsburgh Penguins,2017-05-06 - Pittsburgh Penguins lost to Washington Capitals
2017-05-08,2016030226,Washington Capitals,Pittsburgh Penguins,2017-05-08 - Pittsburgh Penguins lost to Washington Capitals
2017-05-10,2016030227,Pittsburgh Penguins,Washington Capitals,2017-05-10 - Pittsburgh Penguins beat Washington Capitals
2017-05-13,2016030311,Ottawa Senators,Pittsburgh Penguins,2017-05-13 - Pittsburgh Penguins lost to Ottawa Senators
2017-05-16,2016030312,Pittsburgh Penguins,Ottawa Senators,2017-05-16 - Pittsburgh Penguins beat Ottawa Senators
2017-05-18,2016030313,Ottawa Senators,Pittsburgh Penguins,2017-05-18 - Pittsburgh Penguins lost to Ottawa Senators
2017-05-20,2016030314,Pittsburgh Penguins,Ottawa Senators,2017-05-20 - Pittsburgh Penguins beat Ottawa Senators
2017-05-21,2016030315,Pittsburgh Penguins,Ottawa Senators,2017-05-21 - Pittsburgh Penguins beat Ottawa Senators
2017-05-24,2016030316,Ottawa Senators,Pittsburgh Penguins,2017-05-24 - Pittsburgh Penguins lost to Ottawa Senators
2017-05-26,2016030317,Pittsburgh Penguins,Ottawa Senators,2017-05-26 - Pittsburgh Penguins beat Ottawa Senators
2017-05-30,2016030411,Pittsburgh Penguins,Nashville Predators,2017-05-30 - Pittsburgh Penguins beat Nashville Predators
2017-06-01,2016030412,Pittsburgh Penguins,Nashville Predators,2017-06-01 - Pittsburgh Penguins beat Nashville Predators
2017-06-04,2016030413,Nashville Predators,Pittsburgh Penguins,2017-06-04 - Pittsburgh Penguins lost to Nashville Predators
2017-06-06,2016030414,Nashville Predators,Pittsburgh Penguins,2017-06-06 - Pittsburgh Penguins lost to Nashville Predators
2017-06-09,2016030415,Pittsburgh Penguins,Nashville Predators,2017-06-09 - Pittsburgh Penguins beat Nashville Predators
2017-06-12,2016030416,Pittsburgh Penguins,Nashville Predators,2017-06-12 - Pittsburgh Penguins beat Nashville Predators
2017-09-19,2017010021,Buffalo Sabres,Pittsburgh Penguins,2017-09-19 - Pittsburgh Penguins lost to Buffalo Sabres
2017-09-20,2017010025,Pittsburgh Penguins,Detroit Red Wings,2017-09-20 - Pittsburgh Penguins beat Detroit Red Wings
2017-09-22,2017010045,Pittsburgh Penguins,Columbus Blue Jackets,2017-09-22 - Pittsburgh Penguins beat Columbus Blue Jackets
2017-09-25,2017010063,St. Louis Blues,Pittsburgh Penguins,2017-09-25 - Pittsburgh Penguins lost to St. Louis Blues
2017-09-25,2017010073,Detroit Red Wings,Pittsburgh Penguins,2017-09-25 - Pittsburgh Penguins lost to Detroit Red Wings
2017-09-27,2017010079,Pittsburgh Penguins,Buffalo Sabres,2017-09-27 - Pittsburgh Penguins beat Buffalo Sabres
2017-09-30,2017010100,Columbus Blue Jackets,Pittsburgh Penguins,2017-09-30 - Pittsburgh Penguins lost to Columbus Blue Jackets
2017-10-05,2017020002,St. Louis Blues,Pittsburgh Penguins,2017-10-05 - Pittsburgh Penguins lost to St. Louis Blues
2017-10-06,2017020010,Chicago Blackhawks,Pittsburgh Penguins,2017-10-06 - Pittsburgh Penguins lost to Chicago Blackhawks
2017-10-07,2017020021,Pittsburgh Penguins,Nashville Predators,2017-10-07 - Pittsburgh Penguins beat Nashville Predators
2017-10-11,2017020047,Pittsburgh Penguins,Washington Capitals,2017-10-11 - Pittsburgh Penguins beat Washington Capitals
2017-10-12,2017020051,Tampa Bay Lightning,Pittsburgh Penguins,2017-10-12 - Pittsburgh Penguins lost to Tampa Bay Lightning
2017-10-14,2017020067,Pittsburgh Penguins,Florida Panthers,2017-10-14 - Pittsburgh Penguins beat Florida Panthers
2017-10-17,2017020082,Pittsburgh Penguins,New York Rangers,2017-10-17 - Pittsburgh Penguins beat New York Rangers
2017-10-20,2017020107,Pittsburgh Penguins,Florida Panthers,2017-10-20 - Pittsburgh Penguins beat Florida Panthers
2017-10-21,2017020114,Tampa Bay Lightning,Pittsburgh Penguins,2017-10-21 - Pittsburgh Penguins lost to Tampa Bay Lightning
2017-10-24,2017020128,Pittsburgh Penguins,Edmonton Oilers,2017-10-24 - Pittsburgh Penguins beat Edmonton Oilers
2017-10-26,2017020141,Pittsburgh Penguins,Winnipeg Jets,2017-10-26 - Pittsburgh Penguins beat Winnipeg Jets
2017-10-29,2017020164,Minnesota Wild,Pittsburgh Penguins,2017-10-29 - Pittsburgh Penguins lost to Minnesota Wild
2017-10-29,2017020168,Winnipeg Jets,Pittsburgh Penguins,2017-10-29 - Pittsburgh Penguins lost to Winnipeg Jets
2017-11-02,2017020182,Pittsburgh Penguins,Edmonton Oilers,2017-11-02 - Pittsburgh Penguins beat Edmonton Oilers
2017-11-03,2017020195,Calgary Flames,Pittsburgh Penguins,2017-11-03 - Pittsburgh Penguins lost to Calgary Flames
2017-11-05,2017020210,Vancouver Canucks,Pittsburgh Penguins,2017-11-05 - Pittsburgh Penguins lost to Vancouver Canucks
2017-11-08,2017020226,Pittsburgh Penguins,Arizona Coyotes,2017-11-08 - Pittsburgh Penguins beat Arizona Coyotes
2017-11-11,2017020244,Washington Capitals,Pittsburgh Penguins,2017-11-11 - Pittsburgh Penguins lost to Washington Capitals
2017-11-12,2017020258,Nashville Predators,Pittsburgh Penguins,2017-11-12 - Pittsburgh Penguins lost to Nashville Predators
2017-11-15,2017020267,Pittsburgh Penguins,Buffalo Sabres,2017-11-15 - Pittsburgh Penguins beat Buffalo Sabres
2017-11-17,2017020281,Pittsburgh Penguins,Ottawa Senators,2017-11-17 - Pittsburgh Penguins beat Ottawa Senators
2017-11-19,2017020300,Chicago Blackhawks,Pittsburgh Penguins,2017-11-19 - Pittsburgh Penguins lost to Chicago Blackhawks
2017-11-23,2017020324,Vancouver Canucks,Pittsburgh Penguins,2017-11-23 - Pittsburgh Penguins lost to Vancouver Canucks
2017-11-24,2017020334,Boston Bruins,Pittsburgh Penguins,2017-11-24 - Pittsburgh Penguins lost to Boston Bruins
2017-11-26,2017020353,Pittsburgh Penguins,Tampa Bay Lightning,2017-11-26 - Pittsburgh Penguins beat Tampa Bay Lightning
2017-11-28,2017020363,Pittsburgh Penguins,Philadelphia Flyers,2017-11-28 - Pittsburgh Penguins beat Philadelphia Flyers
2017-12-02,2017020388,Pittsburgh Penguins,Buffalo Sabres,2017-12-02 - Pittsburgh Penguins beat Buffalo Sabres
2017-12-03,2017020400,Pittsburgh Penguins,Buffalo Sabres,2017-12-03 - Pittsburgh Penguins beat Buffalo Sabres
2017-12-06,2017020416,New York Rangers,Pittsburgh Penguins,2017-12-06 - Pittsburgh Penguins lost to New York Rangers
2017-12-08,2017020431,Pittsburgh Penguins,New York Islanders,2017-12-08 - Pittsburgh Penguins beat New York Islanders
2017-12-10,2017020450,Toronto Maple Leafs,Pittsburgh Penguins,2017-12-10 - Pittsburgh Penguins lost to Toronto Maple Leafs
2017-12-12,2017020462,Colorado Avalanche,Pittsburgh Penguins,2017-12-12 - Pittsburgh Penguins lost to Colorado Avalanche
2017-12-15,2017020490,Vegas Golden Knights,Pittsburgh Penguins,2017-12-15 - Pittsburgh Penguins lost to Vegas Golden Knights
2017-12-17,2017020504,Pittsburgh Penguins,Arizona Coyotes,2017-12-17 - Pittsburgh Penguins beat Arizona Coyotes
2017-12-19,2017020514,Colorado Avalanche,Pittsburgh Penguins,2017-12-19 - Pittsburgh Penguins lost to Colorado Avalanche
2017-12-22,2017020532,Pittsburgh Penguins,Columbus Blue Jackets,2017-12-22 - Pittsburgh Penguins beat Columbus Blue Jackets
2017-12-24,2017020549,Anaheim Ducks,Pittsburgh Penguins,2017-12-24 - Pittsburgh Penguins lost to Anaheim Ducks
2017-12-28,2017020562,Pittsburgh Penguins,Columbus Blue Jackets,2017-12-28 - Pittsburgh Penguins beat Columbus Blue Jackets
2017-12-30,2017020580,Carolina Hurricanes,Pittsburgh Penguins,2017-12-30 - Pittsburgh Penguins lost to Carolina Hurricanes
2018-01-01,2017020595,Detroit Red Wings,Pittsburgh Penguins,2018-01-01 - Pittsburgh Penguins lost to Detroit Red Wings
2018-01-03,2017020604,Pittsburgh Penguins,Philadelphia Flyers,2018-01-03 - Pittsburgh Penguins beat Philadelphia Flyers
2018-01-05,2017020619,Carolina Hurricanes,Pittsburgh Penguins,2018-01-05 - Pittsburgh Penguins lost to Carolina Hurricanes
2018-01-06,2017020628,Pittsburgh Penguins,New York Islanders,2018-01-06 - Pittsburgh Penguins beat New York Islanders
2018-01-08,2017020650,Pittsburgh Penguins,Boston Bruins,2018-01-08 - Pittsburgh Penguins beat Boston Bruins
2018-01-13,2017020671,Pittsburgh Penguins,Detroit Red Wings,2018-01-13 - Pittsburgh Penguins beat Detroit Red Wings
2018-01-15,2017020679,Pittsburgh Penguins,New York Rangers,2018-01-15 - Pittsburgh Penguins beat New York Rangers
2018-01-18,2017020694,Anaheim Ducks,Pittsburgh Penguins,2018-01-18 - Pittsburgh Penguins lost to Anaheim Ducks
2018-01-19,2017020704,Pittsburgh Penguins,Los Angeles Kings,2018-01-19 - Pittsburgh Penguins beat Los Angeles Kings
2018-01-21,2017020717,San Jose Sharks,Pittsburgh Penguins,2018-01-21 - Pittsburgh Penguins lost to San Jose Sharks
2018-01-24,2017020733,Pittsburgh Penguins,Carolina Hurricanes,2018-01-24 - Pittsburgh Penguins beat Carolina Hurricanes
2018-01-26,2017020748,Pittsburgh Penguins,Minnesota Wild,2018-01-26 - Pittsburgh Penguins beat Minnesota Wild
2018-01-31,2017020764,Pittsburgh Penguins,San Jose Sharks,2018-01-31 - Pittsburgh Penguins beat San Jose Sharks
2018-02-03,2017020788,Pittsburgh Penguins,Washington Capitals,2018-02-03 - Pittsburgh Penguins beat Washington Capitals
2018-02-04,2017020797,New Jersey Devils,Pittsburgh Penguins,2018-02-04 - Pittsburgh Penguins lost to New Jersey Devils
2018-02-07,2017020813,Pittsburgh Penguins,Vegas Golden Knights,2018-02-07 - Pittsburgh Penguins beat Vegas Golden Knights
2018-02-10,2017020841,Dallas Stars,Pittsburgh Penguins,2018-02-10 - Pittsburgh Penguins lost to Dallas Stars
2018-02-11,2017020853,Pittsburgh Penguins,St. Louis Blues,2018-02-11 - Pittsburgh Penguins beat St. Louis Blues
2018-02-14,2017020868,Pittsburgh Penguins,Ottawa Senators,2018-02-14 - Pittsburgh Penguins beat Ottawa Senators
2018-02-16,2017020881,Pittsburgh Penguins,Los Angeles Kings,2018-02-16 - Pittsburgh Penguins beat Los Angeles Kings
2018-02-18,2017020899,Pittsburgh Penguins,Toronto Maple Leafs,2018-02-18 - Pittsburgh Penguins beat Toronto Maple Leafs
2018-02-18,2017020908,Pittsburgh Penguins,Columbus Blue Jackets,2018-02-18 - Pittsburgh Penguins beat Columbus Blue Jackets
2018-02-24,2017020942,Pittsburgh Penguins,Carolina Hurricanes,2018-02-24 - Pittsburgh Penguins beat Carolina Hurricanes
2018-02-25,2017020951,Florida Panthers,Pittsburgh Penguins,2018-02-25 - Pittsburgh Penguins lost to Florida Panthers
2018-02-28,2017020970,New Jersey Devils,Pittsburgh Penguins,2018-02-28 - Pittsburgh Penguins lost to New Jersey Devils
2018-03-02,2017020983,Boston Bruins,Pittsburgh Penguins,2018-03-02 - Pittsburgh Penguins lost to Boston Bruins
2018-03-03,2017021004,Pittsburgh Penguins,New York Islanders,2018-03-03 - Pittsburgh Penguins beat New York Islanders
2018-03-06,2017021016,Pittsburgh Penguins,Calgary Flames,2018-03-06 - Pittsburgh Penguins beat Calgary Flames
2018-03-08,2017021030,Pittsburgh Penguins,Philadelphia Flyers,2018-03-08 - Pittsburgh Penguins beat Philadelphia Flyers
2018-03-11,2017021055,Toronto Maple Leafs,Pittsburgh Penguins,2018-03-11 - Pittsburgh Penguins lost to Toronto Maple Leafs
2018-03-11,2017021061,Pittsburgh Penguins,Dallas Stars,2018-03-11 - Pittsburgh Penguins beat Dallas Stars
2018-03-15,2017021079,New York Rangers,Pittsburgh Penguins,2018-03-15 - Pittsburgh Penguins lost to New York Rangers
2018-03-15,2017021086,Pittsburgh Penguins,Montréal Canadiens,2018-03-15 - Pittsburgh Penguins beat Montréal Canadiens
2018-03-20,2017021121,New York Islanders,Pittsburgh Penguins,2018-03-20 - Pittsburgh Penguins lost to New York Islanders
2018-03-21,2017021133,Pittsburgh Penguins,Montréal Canadiens,2018-03-21 - Pittsburgh Penguins beat Montréal Canadiens
2018-03-23,2017021147,New Jersey Devils,Pittsburgh Penguins,2018-03-23 - Pittsburgh Penguins lost to New Jersey Devils
2018-03-25,2017021163,Pittsburgh Penguins,Philadelphia Flyers,2018-03-25 - Pittsburgh Penguins beat Philadelphia Flyers
2018-03-27,2017021179,Detroit Red Wings,Pittsburgh Penguins,2018-03-27 - Pittsburgh Penguins lost to Detroit Red Wings
2018-03-29,2017021192,Pittsburgh Penguins,New Jersey Devils,2018-03-29 - Pittsburgh Penguins beat New Jersey Devils
2018-03-31,2017021211,Pittsburgh Penguins,Montréal Canadiens,2018-03-31 - Pittsburgh Penguins beat Montréal Canadiens
2018-04-01,2017021221,Washington Capitals,Pittsburgh Penguins,2018-04-01 - Pittsburgh Penguins lost to Washington Capitals
2018-04-05,2017021245,Pittsburgh Penguins,Columbus Blue Jackets,2018-04-05 - Pittsburgh Penguins beat Columbus Blue Jackets
2018-04-06,2017021253,Pittsburgh Penguins,Ottawa Senators,2018-04-06 - Pittsburgh Penguins beat Ottawa Senators
2018-04-11,2017030141,Pittsburgh Penguins,Philadelphia Flyers,2018-04-11 - Pittsburgh Penguins beat Philadelphia Flyers
2018-04-13,2017030142,Philadelphia Flyers,Pittsburgh Penguins,2018-04-13 - Pittsburgh Penguins lost to Philadelphia Flyers
2018-04-15,2017030143,Pittsburgh Penguins,Philadelphia Flyers,2018-04-15 - Pittsburgh Penguins beat Philadelphia Flyers
2018-04-18,2017030144,Pittsburgh Penguins,Philadelphia Flyers,2018-04-18 - Pittsburgh Penguins beat Philadelphia Flyers
2018-04-20,2017030145,Philadelphia Flyers,Pittsburgh Penguins,2018-04-20 - Pittsburgh Penguins lost to Philadelphia Flyers
2018-04-22,2017030146,Pittsburgh Penguins,Philadelphia Flyers,2018-04-22 - Pittsburgh Penguins beat Philadelphia Flyers
2018-04-26,2017030221,Pittsburgh Penguins,Washington Capitals,2018-04-26 - Pittsburgh Penguins beat Washington Capitals
2018-04-29,2017030222,Washington Capitals,Pittsburgh Penguins,2018-04-29 - Pittsburgh Penguins lost to Washington Capitals
2018-05-01,2017030223,Washington Capitals,Pittsburgh Penguins,2018-05-01 - Pittsburgh Penguins lost to Washington Capitals
2018-05-03,2017030224,Pittsburgh Penguins,Washington Capitals,2018-05-03 - Pittsburgh Penguins beat Washington Capitals
2018-05-05,2017030225,Washington Capitals,Pittsburgh Penguins,2018-05-05 - Pittsburgh Penguins lost to Washington Capitals
2018-05-07,2017030226,Washington Capitals,Pittsburgh Penguins,2018-05-07 - Pittsburgh Penguins lost to Washington Capitals
2018-09-18,2018010013,Buffalo Sabres,Pittsburgh Penguins,2018-09-18 - Pittsburgh Penguins lost to Buffalo Sabres
2018-09-19,2018010028,Detroit Red Wings,Pittsburgh Penguins,2018-09-19 - Pittsburgh Penguins lost to Detroit Red Wings
2018-09-22,2018010048,Pittsburgh Penguins,Columbus Blue Jackets,2018-09-22 - Pittsburgh Penguins beat Columbus Blue Jackets
2018-09-23,2018010060,Detroit Red Wings,Pittsburgh Penguins,2018-09-23 - Pittsburgh Penguins lost to Detroit Red Wings
2018-09-26,2018010079,Pittsburgh Penguins,Buffalo Sabres,2018-09-26 - Pittsburgh Penguins beat Buffalo Sabres
2018-09-28,2018010090,Columbus Blue Jackets,Pittsburgh Penguins,2018-09-28 - Pittsburgh Penguins lost to Columbus Blue Jackets
2018-10-04,2018020007,Pittsburgh Penguins,Washington Capitals,2018-10-04 - Pittsburgh Penguins beat Washington Capitals
2018-10-06,2018020022,Montréal Canadiens,Pittsburgh Penguins,2018-10-06 - Pittsburgh Penguins lost to Montréal Canadiens
2018-10-11,2018020050,Pittsburgh Penguins,Vegas Golden Knights,2018-10-11 - Pittsburgh Penguins beat Vegas Golden Knights
2018-10-13,2018020062,Montréal Canadiens,Pittsburgh Penguins,2018-10-13 - Pittsburgh Penguins lost to Montréal Canadiens
2018-10-16,2018020081,Vancouver Canucks,Pittsburgh Penguins,2018-10-16 - Pittsburgh Penguins lost to Vancouver Canucks
2018-10-18,2018020090,Pittsburgh Penguins,Toronto Maple Leafs,2018-10-18 - Pittsburgh Penguins beat Toronto Maple Leafs
2018-10-24,2018020129,Pittsburgh Penguins,Edmonton Oilers,2018-10-24 - Pittsburgh Penguins beat Edmonton Oilers
2018-10-26,2018020141,Pittsburgh Penguins,Calgary Flames,2018-10-26 - Pittsburgh Penguins beat Calgary Flames
2018-10-28,2018020158,Pittsburgh Penguins,Vancouver Canucks,2018-10-28 - Pittsburgh Penguins beat Vancouver Canucks
2018-10-30,2018020168,New York Islanders,Pittsburgh Penguins,2018-10-30 - Pittsburgh Penguins lost to New York Islanders
2018-11-01,2018020181,New York Islanders,Pittsburgh Penguins,2018-11-01 - Pittsburgh Penguins lost to New York Islanders
2018-11-03,2018020199,Toronto Maple Leafs,Pittsburgh Penguins,2018-11-03 - Pittsburgh Penguins lost to Toronto Maple Leafs
2018-11-06,2018020212,New Jersey Devils,Pittsburgh Penguins,2018-11-06 - Pittsburgh Penguins lost to New Jersey Devils
2018-11-08,2018020224,Washington Capitals,Pittsburgh Penguins,2018-11-08 - Pittsburgh Penguins lost to Washington Capitals
2018-11-11,2018020249,Pittsburgh Penguins,Arizona Coyotes,2018-11-11 - Pittsburgh Penguins beat Arizona Coyotes
2018-11-14,2018020265,New Jersey Devils,Pittsburgh Penguins,2018-11-14 - Pittsburgh Penguins lost to New Jersey Devils
2018-11-16,2018020279,Tampa Bay Lightning,Pittsburgh Penguins,2018-11-16 - Pittsburgh Penguins lost to Tampa Bay Lightning
2018-11-18,2018020295,Ottawa Senators,Pittsburgh Penguins,2018-11-18 - Pittsburgh Penguins lost to Ottawa Senators
2018-11-20,2018020310,Buffalo Sabres,Pittsburgh Penguins,2018-11-20 - Pittsburgh Penguins lost to Buffalo Sabres
2018-11-22,2018020321,Pittsburgh Penguins,Dallas Stars,2018-11-22 - Pittsburgh Penguins beat Dallas Stars
2018-11-24,2018020340,Boston Bruins,Pittsburgh Penguins,2018-11-24 - Pittsburgh Penguins lost to Boston Bruins
2018-11-25,2018020353,Pittsburgh Penguins,Columbus Blue Jackets,2018-11-25 - Pittsburgh Penguins beat Columbus Blue Jackets
2018-11-28,2018020373,Pittsburgh Penguins,Winnipeg Jets,2018-11-28 - Pittsburgh Penguins beat Winnipeg Jets
2018-11-29,2018020381,Colorado Avalanche,Pittsburgh Penguins,2018-11-29 - Pittsburgh Penguins lost to Colorado Avalanche
2018-12-02,2018020402,Philadelphia Flyers,Pittsburgh Penguins,2018-12-02 - Pittsburgh Penguins lost to Philadelphia Flyers
2018-12-05,2018020419,Pittsburgh Penguins,Colorado Avalanche,2018-12-05 - Pittsburgh Penguins beat Colorado Avalanche
2018-12-07,2018020432,Pittsburgh Penguins,New York Islanders,2018-12-07 - Pittsburgh Penguins beat New York Islanders
2018-12-09,2018020447,Ottawa Senators,Pittsburgh Penguins,2018-12-09 - Pittsburgh Penguins lost to Ottawa Senators
2018-12-11,2018020461,Pittsburgh Penguins,New York Islanders,2018-12-11 - Pittsburgh Penguins beat New York Islanders
2018-12-13,2018020476,Chicago Blackhawks,Pittsburgh Penguins,2018-12-13 - Pittsburgh Penguins lost to Chicago Blackhawks
2018-12-15,2018020489,Pittsburgh Penguins,Boston Bruins,2018-12-15 - Pittsburgh Penguins beat Boston Bruins
2018-12-16,2018020499,Pittsburgh Penguins,Los Angeles Kings,2018-12-16 - Pittsburgh Penguins beat Los Angeles Kings
2018-12-18,2018020512,Anaheim Ducks,Pittsburgh Penguins,2018-12-18 - Pittsburgh Penguins lost to Anaheim Ducks
2018-12-20,2018020528,Pittsburgh Penguins,Washington Capitals,2018-12-20 - Pittsburgh Penguins beat Washington Capitals
2018-12-21,2018020533,Pittsburgh Penguins,Minnesota Wild,2018-12-21 - Pittsburgh Penguins beat Minnesota Wild
2018-12-23,2018020554,Pittsburgh Penguins,Carolina Hurricanes,2018-12-23 - Pittsburgh Penguins beat Carolina Hurricanes
2018-12-28,2018020569,Pittsburgh Penguins,Detroit Red Wings,2018-12-28 - Pittsburgh Penguins beat Detroit Red Wings
2018-12-30,2018020592,Pittsburgh Penguins,St. Louis Blues,2018-12-30 - Pittsburgh Penguins beat St. Louis Blues
2018-12-31,2018020603,Pittsburgh Penguins,Minnesota Wild,2018-12-31 - Pittsburgh Penguins beat Minnesota Wild
2019-01-03,2018020617,Pittsburgh Penguins,New York Rangers,2019-01-03 - Pittsburgh Penguins beat New York Rangers
2019-01-05,2018020629,Pittsburgh Penguins,Winnipeg Jets,2019-01-05 - Pittsburgh Penguins beat Winnipeg Jets
2019-01-07,2018020650,Chicago Blackhawks,Pittsburgh Penguins,2019-01-07 - Pittsburgh Penguins lost to Chicago Blackhawks
2019-01-09,2018020660,Pittsburgh Penguins,Florida Panthers,2019-01-09 - Pittsburgh Penguins beat Florida Panthers
2019-01-12,2018020686,Pittsburgh Penguins,Anaheim Ducks,2019-01-12 - Pittsburgh Penguins beat Anaheim Ducks
2019-01-13,2018020698,Los Angeles Kings,Pittsburgh Penguins,2019-01-13 - Pittsburgh Penguins lost to Los Angeles Kings
2019-01-16,2018020720,San Jose Sharks,Pittsburgh Penguins,2019-01-16 - Pittsburgh Penguins lost to San Jose Sharks
2019-01-19,2018020738,Pittsburgh Penguins,Arizona Coyotes,2019-01-19 - Pittsburgh Penguins beat Arizona Coyotes
2019-01-20,2018020750,Vegas Golden Knights,Pittsburgh Penguins,2019-01-20 - Pittsburgh Penguins lost to Vegas Golden Knights
2019-01-29,2018020772,New Jersey Devils,Pittsburgh Penguins,2019-01-29 - Pittsburgh Penguins lost to New Jersey Devils
2019-01-31,2018020776,Pittsburgh Penguins,Tampa Bay Lightning,2019-01-31 - Pittsburgh Penguins beat Tampa Bay Lightning
2019-02-02,2018020784,Pittsburgh Penguins,Ottawa Senators,2019-02-02 - Pittsburgh Penguins beat Ottawa Senators
2019-02-03,2018020791,Toronto Maple Leafs,Pittsburgh Penguins,2019-02-03 - Pittsburgh Penguins lost to Toronto Maple Leafs
2019-02-06,2018020813,Carolina Hurricanes,Pittsburgh Penguins,2019-02-06 - Pittsburgh Penguins lost to Carolina Hurricanes
2019-02-08,2018020824,Florida Panthers,Pittsburgh Penguins,2019-02-08 - Pittsburgh Penguins lost to Florida Panthers
2019-02-10,2018020847,Tampa Bay Lightning,Pittsburgh Penguins,2019-02-10 - Pittsburgh Penguins lost to Tampa Bay Lightning
2019-02-12,2018020860,Pittsburgh Penguins,Philadelphia Flyers,2019-02-12 - Pittsburgh Penguins beat Philadelphia Flyers
2019-02-14,2018020875,Pittsburgh Penguins,Edmonton Oilers,2019-02-14 - Pittsburgh Penguins beat Edmonton Oilers
2019-02-16,2018020893,Calgary Flames,Pittsburgh Penguins,2019-02-16 - Pittsburgh Penguins lost to Calgary Flames
2019-02-17,2018020904,Pittsburgh Penguins,New York Rangers,2019-02-17 - Pittsburgh Penguins beat New York Rangers
2019-02-20,2018020917,Pittsburgh Penguins,New Jersey Devils,2019-02-20 - Pittsburgh Penguins beat New Jersey Devils
2019-02-22,2018020933,San Jose Sharks,Pittsburgh Penguins,2019-02-22 - Pittsburgh Penguins lost to San Jose Sharks
2019-02-24,2018020953,Philadelphia Flyers,Pittsburgh Penguins,2019-02-24 - Pittsburgh Penguins lost to Philadelphia Flyers
2019-02-27,2018020973,Pittsburgh Penguins,Columbus Blue Jackets,2019-02-27 - Pittsburgh Penguins beat Columbus Blue Jackets
2019-03-02,2018020991,Buffalo Sabres,Pittsburgh Penguins,2019-03-02 - Pittsburgh Penguins lost to Buffalo Sabres
2019-03-03,2018021003,Pittsburgh Penguins,Montréal Canadiens,2019-03-03 - Pittsburgh Penguins beat Montréal Canadiens
2019-03-06,2018021022,Pittsburgh Penguins,Florida Panthers,2019-03-06 - Pittsburgh Penguins beat Florida Panthers
2019-03-08,2018021034,Pittsburgh Penguins,Columbus Blue Jackets,2019-03-08 - Pittsburgh Penguins beat Columbus Blue Jackets
2019-03-10,2018021054,Columbus Blue Jackets,Pittsburgh Penguins,2019-03-10 - Pittsburgh Penguins lost to Columbus Blue Jackets
2019-03-10,2018021062,Pittsburgh Penguins,Boston Bruins,2019-03-10 - Pittsburgh Penguins beat Boston Bruins
2019-03-12,2018021073,Pittsburgh Penguins,Washington Capitals,2019-03-12 - Pittsburgh Penguins beat Washington Capitals
2019-03-14,2018021083,Pittsburgh Penguins,Buffalo Sabres,2019-03-14 - Pittsburgh Penguins beat Buffalo Sabres
2019-03-16,2018021099,St. Louis Blues,Pittsburgh Penguins,2019-03-16 - Pittsburgh Penguins lost to St. Louis Blues
2019-03-17,2018021115,Philadelphia Flyers,Pittsburgh Penguins,2019-03-17 - Pittsburgh Penguins lost to Philadelphia Flyers
2019-03-19,2018021126,Carolina Hurricanes,Pittsburgh Penguins,2019-03-19 - Pittsburgh Penguins lost to Carolina Hurricanes
2019-03-22,2018021141,Pittsburgh Penguins,Nashville Predators,2019-03-22 - Pittsburgh Penguins beat Nashville Predators
2019-03-24,2018021160,Pittsburgh Penguins,Dallas Stars,2019-03-24 - Pittsburgh Penguins beat Dallas Stars
2019-03-25,2018021171,Pittsburgh Penguins,New York Rangers,2019-03-25 - Pittsburgh Penguins beat New York Rangers
2019-03-29,2018021198,Nashville Predators,Pittsburgh Penguins,2019-03-29 - Pittsburgh Penguins lost to Nashville Predators
2019-03-31,2018021216,Pittsburgh Penguins,Carolina Hurricanes,2019-03-31 - Pittsburgh Penguins beat Carolina Hurricanes
2019-04-02,2018021233,Detroit Red Wings,Pittsburgh Penguins,2019-04-02 - Pittsburgh Penguins lost to Detroit Red Wings
2019-04-04,2018021245,Pittsburgh Penguins,Detroit Red Wings,2019-04-04 - Pittsburgh Penguins beat Detroit Red Wings
2019-04-06,2018021264,New York Rangers,Pittsburgh Penguins,2019-04-06 - Pittsburgh Penguins lost to New York Rangers
2019-04-10,2018030141,New York Islanders,Pittsburgh Penguins,2019-04-10 - Pittsburgh Penguins lost to New York Islanders
2019-04-12,2018030142,New York Islanders,Pittsburgh Penguins,2019-04-12 - Pittsburgh Penguins lost to New York Islanders
2019-04-14,2018030143,New York Islanders,Pittsburgh Penguins,2019-04-14 - Pittsburgh Penguins lost to New York Islanders
2019-04-16,2018030144,New York Islanders,Pittsburgh Penguins,2019-04-16 - Pittsburgh Penguins lost to New York Islanders
2019-09-16,2019010007,Buffalo Sabres,Pittsburgh Penguins,2019-09-16 - Pittsburgh Penguins lost to Buffalo Sabres
2019-09-19,2019010033,Pittsburgh Penguins,Columbus Blue Jackets,2019-09-19 - Pittsburgh Penguins beat Columbus Blue Jackets
2019-09-21,2019010044,Columbus Blue Jackets,Pittsburgh Penguins,2019-09-21 - Pittsburgh Penguins lost to Columbus Blue Jackets
2019-09-22,2019010058,Detroit Red Wings,Pittsburgh Penguins,2019-09-22 - Pittsburgh Penguins lost to Detroit Red Wings
2019-09-25,2019010073,Pittsburgh Penguins,Detroit Red Wings,2019-09-25 - Pittsburgh Penguins beat Detroit Red Wings
2019-09-28,2019010093,Buffalo Sabres,Pittsburgh Penguins,2019-09-28 - Pittsburgh Penguins lost to Buffalo Sabres
2019-10-03,2019020007,Buffalo Sabres,Pittsburgh Penguins,2019-10-03 - Pittsburgh Penguins lost to Buffalo Sabres
2019-10-05,2019020022,Pittsburgh Penguins,Columbus Blue Jackets,2019-10-05 - Pittsburgh Penguins beat Columbus Blue Jackets
2019-10-08,2019020038,Winnipeg Jets,Pittsburgh Penguins,2019-10-08 - Pittsburgh Penguins lost to Winnipeg Jets
2019-10-10,2019020050,Pittsburgh Penguins,Anaheim Ducks,2019-10-10 - Pittsburgh Penguins beat Anaheim Ducks
2019-10-13,2019020071,Pittsburgh Penguins,Minnesota Wild,2019-10-13 - Pittsburgh Penguins beat Minnesota Wild
2019-10-13,2019020075,Pittsburgh Penguins,Winnipeg Jets,2019-10-13 - Pittsburgh Penguins beat Winnipeg Jets
2019-10-16,2019020092,Pittsburgh Penguins,Colorado Avalanche,2019-10-16 - Pittsburgh Penguins beat Colorado Avalanche
2019-10-18,2019020108,Pittsburgh Penguins,Dallas Stars,2019-10-18 - Pittsburgh Penguins beat Dallas Stars
2019-10-19,2019020118,Vegas Golden Knights,Pittsburgh Penguins,2019-10-19 - Pittsburgh Penguins lost to Vegas Golden Knights
2019-10-22,2019020135,Florida Panthers,Pittsburgh Penguins,2019-10-22 - Pittsburgh Penguins lost to Florida Panthers
2019-10-24,2019020144,Tampa Bay Lightning,Pittsburgh Penguins,2019-10-24 - Pittsburgh Penguins lost to Tampa Bay Lightning
2019-10-27,2019020166,Pittsburgh Penguins,Dallas Stars,2019-10-27 - Pittsburgh Penguins beat Dallas Stars
2019-10-29,2019020182,Pittsburgh Penguins,Philadelphia Flyers,2019-10-29 - Pittsburgh Penguins beat Philadelphia Flyers
2019-11-02,2019020204,Edmonton Oilers,Pittsburgh Penguins,2019-11-02 - Pittsburgh Penguins lost to Edmonton Oilers
2019-11-05,2019020220,Boston Bruins,Pittsburgh Penguins,2019-11-05 - Pittsburgh Penguins lost to Boston Bruins
2019-11-08,2019020239,Pittsburgh Penguins,New York Islanders,2019-11-08 - Pittsburgh Penguins beat New York Islanders
2019-11-10,2019020257,Pittsburgh Penguins,Chicago Blackhawks,2019-11-10 - Pittsburgh Penguins beat Chicago Blackhawks
2019-11-13,2019020274,New York Rangers,Pittsburgh Penguins,2019-11-13 - Pittsburgh Penguins lost to New York Rangers
2019-11-16,2019020295,New Jersey Devils,Pittsburgh Penguins,2019-11-16 - Pittsburgh Penguins lost to New Jersey Devils
2019-11-17,2019020308,Pittsburgh Penguins,Toronto Maple Leafs,2019-11-17 - Pittsburgh Penguins beat Toronto Maple Leafs
2019-11-20,2019020321,New York Islanders,Pittsburgh Penguins,2019-11-20 - Pittsburgh Penguins lost to New York Islanders
2019-11-22,2019020335,New York Islanders,Pittsburgh Penguins,2019-11-22 - Pittsburgh Penguins lost to New York Islanders
2019-11-23,2019020346,Pittsburgh Penguins,New Jersey Devils,2019-11-23 - Pittsburgh Penguins beat New Jersey Devils
2019-11-26,2019020368,Pittsburgh Penguins,Calgary Flames,2019-11-26 - Pittsburgh Penguins beat Calgary Flames
2019-11-28,2019020382,Pittsburgh Penguins,Vancouver Canucks,2019-11-28 - Pittsburgh Penguins beat Vancouver Canucks
2019-11-30,2019020400,Columbus Blue Jackets,Pittsburgh Penguins,2019-11-30 - Pittsburgh Penguins lost to Columbus Blue Jackets
2019-12-01,2019020411,St. Louis Blues,Pittsburgh Penguins,2019-12-01 - Pittsburgh Penguins lost to St. Louis Blues
2019-12-05,2019020435,Pittsburgh Penguins,St. Louis Blues,2019-12-05 - Pittsburgh Penguins beat St. Louis Blues
2019-12-07,2019020449,Pittsburgh Penguins,Arizona Coyotes,2019-12-07 - Pittsburgh Penguins beat Arizona Coyotes
2019-12-08,2019020455,Pittsburgh Penguins,Detroit Red Wings,2019-12-08 - Pittsburgh Penguins beat Detroit Red Wings
2019-12-11,2019020474,Montréal Canadiens,Pittsburgh Penguins,2019-12-11 - Pittsburgh Penguins lost to Montréal Canadiens
2019-12-13,2019020490,Pittsburgh Penguins,Columbus Blue Jackets,2019-12-13 - Pittsburgh Penguins beat Columbus Blue Jackets
2019-12-15,2019020509,Pittsburgh Penguins,Los Angeles Kings,2019-12-15 - Pittsburgh Penguins beat Los Angeles Kings
2019-12-18,2019020531,Pittsburgh Penguins,Calgary Flames,2019-12-18 - Pittsburgh Penguins beat Calgary Flames
2019-12-21,2019020551,Pittsburgh Penguins,Edmonton Oilers,2019-12-21 - Pittsburgh Penguins beat Edmonton Oilers
2019-12-22,2019020563,Vancouver Canucks,Pittsburgh Penguins,2019-12-22 - Pittsburgh Penguins lost to Vancouver Canucks
2019-12-28,2019020586,Pittsburgh Penguins,Nashville Predators,2019-12-28 - Pittsburgh Penguins beat Nashville Predators
2019-12-29,2019020596,Pittsburgh Penguins,Nashville Predators,2019-12-29 - Pittsburgh Penguins beat Nashville Predators
2019-12-31,2019020612,Pittsburgh Penguins,Ottawa Senators,2019-12-31 - Pittsburgh Penguins beat Ottawa Senators
2020-01-03,2019020631,San Jose Sharks,Pittsburgh Penguins,2020-01-03 - Pittsburgh Penguins lost to San Jose Sharks
2020-01-05,2019020647,Pittsburgh Penguins,Montréal Canadiens,2020-01-05 - Pittsburgh Penguins beat Montréal Canadiens
2020-01-05,2019020654,Florida Panthers,Pittsburgh Penguins,2020-01-05 - Pittsburgh Penguins lost to Florida Panthers
2020-01-08,2019020673,Pittsburgh Penguins,Vegas Golden Knights,2020-01-08 - Pittsburgh Penguins beat Vegas Golden Knights
2020-01-11,2019020691,Pittsburgh Penguins,Colorado Avalanche,2020-01-11 - Pittsburgh Penguins beat Colorado Avalanche
2020-01-12,2019020706,Pittsburgh Penguins,Arizona Coyotes,2020-01-12 - Pittsburgh Penguins beat Arizona Coyotes
2020-01-15,2019020718,Pittsburgh Penguins,Minnesota Wild,2020-01-15 - Pittsburgh Penguins beat Minnesota Wild
2020-01-17,2019020727,Boston Bruins,Pittsburgh Penguins,2020-01-17 - Pittsburgh Penguins lost to Boston Bruins
2020-01-18,2019020740,Pittsburgh Penguins,Detroit Red Wings,2020-01-18 - Pittsburgh Penguins beat Detroit Red Wings
2020-01-19,2019020755,Pittsburgh Penguins,Boston Bruins,2020-01-19 - Pittsburgh Penguins beat Boston Bruins
2020-01-22,2019020763,Philadelphia Flyers,Pittsburgh Penguins,2020-01-22 - Pittsburgh Penguins lost to Philadelphia Flyers
2020-02-01,2019020786,Pittsburgh Penguins,Philadelphia Flyers,2020-02-01 - Pittsburgh Penguins beat Philadelphia Flyers
2020-02-02,2019020806,Pittsburgh Penguins,Washington Capitals,2020-02-02 - Pittsburgh Penguins beat Washington Capitals
2020-02-07,2019020829,Tampa Bay Lightning,Pittsburgh Penguins,2020-02-07 - Pittsburgh Penguins lost to Tampa Bay Lightning
2020-02-09,2019020847,Pittsburgh Penguins,Florida Panthers,2020-02-09 - Pittsburgh Penguins beat Florida Panthers
2020-02-12,2019020870,Tampa Bay Lightning,Pittsburgh Penguins,2020-02-12 - Pittsburgh Penguins lost to Tampa Bay Lightning
2020-02-15,2019020891,Pittsburgh Penguins,Montréal Canadiens,2020-02-15 - Pittsburgh Penguins beat Montréal Canadiens
2020-02-16,2019020906,Pittsburgh Penguins,Detroit Red Wings,2020-02-16 - Pittsburgh Penguins beat Detroit Red Wings
2020-02-19,2019020921,Pittsburgh Penguins,Toronto Maple Leafs,2020-02-19 - Pittsburgh Penguins beat Toronto Maple Leafs
2020-02-21,2019020933,Toronto Maple Leafs,Pittsburgh Penguins,2020-02-21 - Pittsburgh Penguins lost to Toronto Maple Leafs
2020-02-22,2019020950,Buffalo Sabres,Pittsburgh Penguins,2020-02-22 - Pittsburgh Penguins lost to Buffalo Sabres
2020-02-23,2019020959,Washington Capitals,Pittsburgh Penguins,2020-02-23 - Pittsburgh Penguins lost to Washington Capitals
2020-02-27,2019020983,Los Angeles Kings,Pittsburgh Penguins,2020-02-27 - Pittsburgh Penguins lost to Los Angeles Kings
2020-02-29,2019020998,Anaheim Ducks,Pittsburgh Penguins,2020-02-29 - Pittsburgh Penguins lost to Anaheim Ducks
2020-03-01,2019021010,San Jose Sharks,Pittsburgh Penguins,2020-03-01 - Pittsburgh Penguins lost to San Jose Sharks
2020-03-04,2019021022,Pittsburgh Penguins,Ottawa Senators,2020-03-04 - Pittsburgh Penguins beat Ottawa Senators
2020-03-06,2019021033,Pittsburgh Penguins,Buffalo Sabres,2020-03-06 - Pittsburgh Penguins beat Buffalo Sabres
2020-03-07,2019021050,Washington Capitals,Pittsburgh Penguins,2020-03-07 - Pittsburgh Penguins lost to Washington Capitals
2020-03-08,2019021059,Carolina Hurricanes,Pittsburgh Penguins,2020-03-08 - Pittsburgh Penguins lost to Carolina Hurricanes
2020-03-10,2019021072,Pittsburgh Penguins,New Jersey Devils,2020-03-10 - Pittsburgh Penguins beat New Jersey Devils
2020-07-28,2019011001,Philadelphia Flyers,Pittsburgh Penguins,2020-07-28 - Pittsburgh Penguins lost to Philadelphia Flyers
2020-08-02,2019030021,Montréal Canadiens,Pittsburgh Penguins,2020-08-02 - Pittsburgh Penguins lost to Montréal Canadiens
2020-08-04,2019030022,Pittsburgh Penguins,Montréal Canadiens,2020-08-04 - Pittsburgh Penguins beat Montréal Canadiens
2020-08-06,2019030023,Montréal Canadiens,Pittsburgh Penguins,2020-08-06 - Pittsburgh Penguins lost to Montréal Canadiens
2020-08-07,2019030024,Montréal Canadiens,Pittsburgh Penguins,2020-08-07 - Pittsburgh Penguins lost to Montréal Canadiens
2021-01-13,2020020001,Philadelphia Flyers,Pittsburgh Penguins,2021-01-13 - Pittsburgh Penguins lost to Philadelphia Flyers
2021-01-16,2020020018,Philadelphia Flyers,Pittsburgh Penguins,2021-01-16 - Pittsburgh Penguins lost to Philadelphia Flyers
2021-01-17,2020020035,Pittsburgh Penguins,Washington Capitals,2021-01-17 - Pittsburgh Penguins beat Washington Capitals
2021-01-20,2020020050,Pittsburgh Penguins,Washington Capitals,2021-01-20 - Pittsburgh Penguins beat Washington Capitals
2021-01-23,2020020068,Pittsburgh Penguins,New York Rangers,2021-01-23 - Pittsburgh Penguins beat New York Rangers
2021-01-25,2020020083,Pittsburgh Penguins,New York Rangers,2021-01-25 - Pittsburgh Penguins beat New York Rangers
2021-01-27,2020020093,Boston Bruins,Pittsburgh Penguins,2021-01-27 - Pittsburgh Penguins lost to Boston Bruins
2021-01-29,2020020109,Boston Bruins,Pittsburgh Penguins,2021-01-29 - Pittsburgh Penguins lost to Boston Bruins
2021-01-31,2020020125,Pittsburgh Penguins,New York Rangers,2021-01-31 - Pittsburgh Penguins beat New York Rangers
2021-02-02,2020020144,New York Rangers,Pittsburgh Penguins,2021-02-02 - Pittsburgh Penguins lost to New York Rangers
2021-02-07,2020020181,New York Islanders,Pittsburgh Penguins,2021-02-07 - Pittsburgh Penguins lost to New York Islanders
2021-02-12,2020020215,Pittsburgh Penguins,New York Islanders,2021-02-12 - Pittsburgh Penguins beat New York Islanders
2021-02-14,2020020242,Pittsburgh Penguins,Washington Capitals,2021-02-14 - Pittsburgh Penguins beat Washington Capitals
2021-02-17,2020020257,Washington Capitals,Pittsburgh Penguins,2021-02-17 - Pittsburgh Penguins lost to Washington Capitals
2021-02-19,2020020267,Pittsburgh Penguins,New York Islanders,2021-02-19 - Pittsburgh Penguins beat New York Islanders
2021-02-21,2020020281,Pittsburgh Penguins,New York Islanders,2021-02-21 - Pittsburgh Penguins beat New York Islanders
2021-02-24,2020020302,Pittsburgh Penguins,Washington Capitals,2021-02-24 - Pittsburgh Penguins beat Washington Capitals
2021-02-26,2020020313,Washington Capitals,Pittsburgh Penguins,2021-02-26 - Pittsburgh Penguins lost to Washington Capitals
2021-02-28,2020020328,Pittsburgh Penguins,New York Islanders,2021-02-28 - Pittsburgh Penguins beat New York Islanders
2021-02-28,2020020341,New York Islanders,Pittsburgh Penguins,2021-02-28 - Pittsburgh Penguins lost to New York Islanders
2021-03-03,2020020355,Pittsburgh Penguins,Philadelphia Flyers,2021-03-03 - Pittsburgh Penguins beat Philadelphia Flyers
2021-03-05,2020020366,Philadelphia Flyers,Pittsburgh Penguins,2021-03-05 - Pittsburgh Penguins lost to Philadelphia Flyers
2021-03-06,2020020668,Pittsburgh Penguins,Philadelphia Flyers,2021-03-06 - Pittsburgh Penguins beat Philadelphia Flyers
2021-03-08,2020020393,Pittsburgh Penguins,New York Rangers,2021-03-08 - Pittsburgh Penguins beat New York Rangers
2021-03-09,2020020405,Pittsburgh Penguins,New York Rangers,2021-03-09 - Pittsburgh Penguins beat New York Rangers
2021-03-12,2020020416,Pittsburgh Penguins,Buffalo Sabres,2021-03-12 - Pittsburgh Penguins beat Buffalo Sabres
2021-03-14,2020020431,Pittsburgh Penguins,Buffalo Sabres,2021-03-14 - Pittsburgh Penguins beat Buffalo Sabres
2021-03-15,2020020450,Pittsburgh Penguins,Boston Bruins,2021-03-15 - Pittsburgh Penguins beat Boston Bruins
2021-03-16,2020020459,Boston Bruins,Pittsburgh Penguins,2021-03-16 - Pittsburgh Penguins lost to Boston Bruins
2021-03-18,2020020201,New Jersey Devils,Pittsburgh Penguins,2021-03-18 - Pittsburgh Penguins lost to New Jersey Devils
2021-03-20,2020020477,Pittsburgh Penguins,New Jersey Devils,2021-03-20 - Pittsburgh Penguins beat New Jersey Devils
2021-03-21,2020020151,New Jersey Devils,Pittsburgh Penguins,2021-03-21 - Pittsburgh Penguins lost to New Jersey Devils
2021-03-25,2020020509,Pittsburgh Penguins,Buffalo Sabres,2021-03-25 - Pittsburgh Penguins beat Buffalo Sabres
2021-03-25,2020020532,Pittsburgh Penguins,Buffalo Sabres,2021-03-25 - Pittsburgh Penguins beat Buffalo Sabres
2021-03-27,2020020561,Pittsburgh Penguins,New York Islanders,2021-03-27 - Pittsburgh Penguins beat New York Islanders
2021-03-29,2020020549,Pittsburgh Penguins,New York Islanders,2021-03-29 - Pittsburgh Penguins beat New York Islanders
2021-04-01,2020020571,Pittsburgh Penguins,Boston Bruins,2021-04-01 - Pittsburgh Penguins beat Boston Bruins
2021-04-03,2020020585,Boston Bruins,Pittsburgh Penguins,2021-04-03 - Pittsburgh Penguins lost to Boston Bruins
2021-04-06,2020020613,New York Rangers,Pittsburgh Penguins,2021-04-06 - Pittsburgh Penguins lost to New York Rangers
2021-04-08,2020020627,Pittsburgh Penguins,New York Rangers,2021-04-08 - Pittsburgh Penguins beat New York Rangers
2021-04-09,2020020494,Pittsburgh Penguins,New Jersey Devils,2021-04-09 - Pittsburgh Penguins beat New Jersey Devils
2021-04-11,2020020650,Pittsburgh Penguins,New Jersey Devils,2021-04-11 - Pittsburgh Penguins beat New Jersey Devils
2021-04-15,2020020680,Philadelphia Flyers,Pittsburgh Penguins,2021-04-15 - Pittsburgh Penguins lost to Philadelphia Flyers
2021-04-17,2020020690,Pittsburgh Penguins,Buffalo Sabres,2021-04-17 - Pittsburgh Penguins beat Buffalo Sabres
2021-04-18,2020020715,Buffalo Sabres,Pittsburgh Penguins,2021-04-18 - Pittsburgh Penguins lost to Buffalo Sabres
2021-04-20,2020020166,Pittsburgh Penguins,New Jersey Devils,2021-04-20 - Pittsburgh Penguins beat New Jersey Devils
2021-04-22,2020020733,Pittsburgh Penguins,New Jersey Devils,2021-04-22 - Pittsburgh Penguins beat New Jersey Devils
2021-04-24,2020020746,Pittsburgh Penguins,New Jersey Devils,2021-04-24 - Pittsburgh Penguins beat New Jersey Devils
2021-04-25,2020020757,Pittsburgh Penguins,Boston Bruins,2021-04-25 - Pittsburgh Penguins beat Boston Bruins
2021-04-27,2020020770,Boston Bruins,Pittsburgh Penguins,2021-04-27 - Pittsburgh Penguins lost to Boston Bruins
2021-04-29,2020020785,Pittsburgh Penguins,Washington Capitals,2021-04-29 - Pittsburgh Penguins beat Washington Capitals
2021-05-01,2020020799,Pittsburgh Penguins,Washington Capitals,2021-05-01 - Pittsburgh Penguins beat Washington Capitals
2021-05-03,2020020815,Philadelphia Flyers,Pittsburgh Penguins,2021-05-03 - Pittsburgh Penguins lost to Philadelphia Flyers
2021-05-04,2020020826,Pittsburgh Penguins,Philadelphia Flyers,2021-05-04 - Pittsburgh Penguins beat Philadelphia Flyers
2021-05-06,2020020842,Pittsburgh Penguins,Buffalo Sabres,2021-05-06 - Pittsburgh Penguins beat Buffalo Sabres
2021-05-08,2020020858,Pittsburgh Penguins,Buffalo Sabres,2021-05-08 - Pittsburgh Penguins beat Buffalo Sabres
2021-05-16,2020030111,New York Islanders,Pittsburgh Penguins,2021-05-16 - Pittsburgh Penguins lost to New York Islanders
2021-05-18,2020030112,Pittsburgh Penguins,New York Islanders,2021-05-18 - Pittsburgh Penguins beat New York Islanders
2021-05-20,2020030113,Pittsburgh Penguins,New York Islanders,2021-05-20 - Pittsburgh Penguins beat New York Islanders
2021-05-22,2020030114,New York Islanders,Pittsburgh Penguins,2021-05-22 - Pittsburgh Penguins lost to New York Islanders
2021-05-24,2020030115,New York Islanders,Pittsburgh Penguins,2021-05-24 - Pittsburgh Penguins lost to New York Islanders
2021-05-26,2020030116,New York Islanders,Pittsburgh Penguins,2021-05-26 - Pittsburgh Penguins lost to New York Islanders
2021-09-27,2021010013,Columbus Blue Jackets,Pittsburgh Penguins,2021-09-27 - Pittsburgh Penguins lost to Columbus Blue Jackets
2021-10-01,2021010038,Pittsburgh Penguins,Buffalo Sabres,2021-10-01 - Pittsburgh Penguins beat Buffalo Sabres
2021-10-03,2021010057,Pittsburgh Penguins,Detroit Red Wings,2021-10-03 - Pittsburgh Penguins beat Detroit Red Wings
2021-10-05,2021010068,Pittsburgh Penguins,Buffalo Sabres,2021-10-05 - Pittsburgh Penguins beat Buffalo Sabres
2021-10-07,2021010085,Detroit Red Wings,Pittsburgh Penguins,2021-10-07 - Pittsburgh Penguins lost to Detroit Red Wings
2021-10-09,2021010097,Pittsburgh Penguins,Columbus Blue Jackets,2021-10-09 - Pittsburgh Penguins beat Columbus Blue Jackets
2021-10-12,2021020001,Pittsburgh Penguins,Tampa Bay Lightning,2021-10-12 - Pittsburgh Penguins beat Tampa Bay Lightning
2021-10-14,2021020010,Florida Panthers,Pittsburgh Penguins,2021-10-14 - Pittsburgh Penguins lost to Florida Panthers
2021-10-16,2021020026,Pittsburgh Penguins,Chicago Blackhawks,2021-10-16 - Pittsburgh Penguins beat Chicago Blackhawks
2021-10-19,2021020044,Dallas Stars,Pittsburgh Penguins,2021-10-19 - Pittsburgh Penguins lost to Dallas Stars
2021-10-23,2021020071,Pittsburgh Penguins,Toronto Maple Leafs,2021-10-23 - Pittsburgh Penguins beat Toronto Maple Leafs
2021-10-26,2021020091,Tampa Bay Lightning,Pittsburgh Penguins,2021-10-26 - Pittsburgh Penguins lost to Tampa Bay Lightning
2021-10-28,2021020103,Calgary Flames,Pittsburgh Penguins,2021-10-28 - Pittsburgh Penguins lost to Calgary Flames
2021-10-30,2021020119,New Jersey Devils,Pittsburgh Penguins,2021-10-30 - Pittsburgh Penguins lost to New Jersey Devils
2021-11-04,2021020153,Pittsburgh Penguins,Philadelphia Flyers,2021-11-04 - Pittsburgh Penguins beat Philadelphia Flyers
2021-11-06,2021020167,Minnesota Wild,Pittsburgh Penguins,2021-11-06 - Pittsburgh Penguins lost to Minnesota Wild
2021-11-10,2021020187,Chicago Blackhawks,Pittsburgh Penguins,2021-11-10 - Pittsburgh Penguins lost to Chicago Blackhawks
2021-11-12,2021020200,Pittsburgh Penguins,Florida Panthers,2021-11-12 - Pittsburgh Penguins beat Florida Panthers
2021-11-14,2021020212,Ottawa Senators,Pittsburgh Penguins,2021-11-14 - Pittsburgh Penguins lost to Ottawa Senators
2021-11-15,2021020227,Washington Capitals,Pittsburgh Penguins,2021-11-15 - Pittsburgh Penguins lost to Washington Capitals
2021-11-17,2021020237,Buffalo Sabres,Pittsburgh Penguins,2021-11-17 - Pittsburgh Penguins lost to Buffalo Sabres
2021-11-19,2021020249,Pittsburgh Penguins,Montréal Canadiens,2021-11-19 - Pittsburgh Penguins beat Montréal Canadiens
2021-11-21,2021020261,Pittsburgh Penguins,Toronto Maple Leafs,2021-11-21 - Pittsburgh Penguins beat Toronto Maple Leafs
2021-11-23,2021020284,Pittsburgh Penguins,Winnipeg Jets,2021-11-23 - Pittsburgh Penguins beat Winnipeg Jets
2021-11-25,2021020295,Pittsburgh Penguins,Vancouver Canucks,2021-11-25 - Pittsburgh Penguins beat Vancouver Canucks
2021-11-27,2021020307,Pittsburgh Penguins,New York Islanders,2021-11-27 - Pittsburgh Penguins beat New York Islanders
2021-11-28,2021020319,Montréal Canadiens,Pittsburgh Penguins,2021-11-28 - Pittsburgh Penguins lost to Montréal Canadiens
2021-11-30,2021020336,Calgary Flames,Pittsburgh Penguins,2021-11-30 - Pittsburgh Penguins lost to Calgary Flames
2021-12-02,2021020350,Edmonton Oilers,Pittsburgh Penguins,2021-12-02 - Pittsburgh Penguins lost to Edmonton Oilers
2021-12-05,2021020376,Pittsburgh Penguins,Vancouver Canucks,2021-12-05 - Pittsburgh Penguins beat Vancouver Canucks
2021-12-07,2021020387,Pittsburgh Penguins,Seattle Kraken,2021-12-07 - Pittsburgh Penguins beat Seattle Kraken
2021-12-11,2021020414,Pittsburgh Penguins,Washington Capitals,2021-12-11 - Pittsburgh Penguins beat Washington Capitals
2021-12-12,2021020423,Pittsburgh Penguins,Anaheim Ducks,2021-12-12 - Pittsburgh Penguins beat Anaheim Ducks
2021-12-15,2021020442,Pittsburgh Penguins,Montréal Canadiens,2021-12-15 - Pittsburgh Penguins beat Montréal Canadiens
2021-12-18,2021020466,Pittsburgh Penguins,Buffalo Sabres,2021-12-18 - Pittsburgh Penguins beat Buffalo Sabres
2021-12-20,2021020482,Pittsburgh Penguins,New Jersey Devils,2021-12-20 - Pittsburgh Penguins beat New Jersey Devils
2022-01-02,2021020577,Pittsburgh Penguins,San Jose Sharks,2022-01-02 - Pittsburgh Penguins beat San Jose Sharks
2022-01-06,2021020597,Pittsburgh Penguins,St. Louis Blues,2022-01-06 - Pittsburgh Penguins beat St. Louis Blues
2022-01-07,2021020604,Pittsburgh Penguins,Philadelphia Flyers,2022-01-07 - Pittsburgh Penguins beat Philadelphia Flyers
2022-01-08,2021020619,Dallas Stars,Pittsburgh Penguins,2022-01-08 - Pittsburgh Penguins lost to Dallas Stars
2022-01-12,2021020644,Pittsburgh Penguins,Anaheim Ducks,2022-01-12 - Pittsburgh Penguins beat Anaheim Ducks
2022-01-14,2021020659,Los Angeles Kings,Pittsburgh Penguins,2022-01-14 - Pittsburgh Penguins lost to Los Angeles Kings
2022-01-16,2021020678,Pittsburgh Penguins,San Jose Sharks,2022-01-16 - Pittsburgh Penguins beat San Jose Sharks
2022-01-18,2021020688,Pittsburgh Penguins,Vegas Golden Knights,2022-01-18 - Pittsburgh Penguins beat Vegas Golden Knights
2022-01-21,2021020707,Pittsburgh Penguins,Ottawa Senators,2022-01-21 - Pittsburgh Penguins beat Ottawa Senators
2022-01-22,2021020716,Pittsburgh Penguins,Columbus Blue Jackets,2022-01-22 - Pittsburgh Penguins beat Columbus Blue Jackets
2022-01-23,2021020733,Pittsburgh Penguins,Winnipeg Jets,2022-01-23 - Pittsburgh Penguins beat Winnipeg Jets
2022-01-26,2021020747,Pittsburgh Penguins,Arizona Coyotes,2022-01-26 - Pittsburgh Penguins beat Arizona Coyotes
2022-01-28,2021020762,Seattle Kraken,Pittsburgh Penguins,2022-01-28 - Pittsburgh Penguins lost to Seattle Kraken
2022-01-29,2021020768,Detroit Red Wings,Pittsburgh Penguins,2022-01-29 - Pittsburgh Penguins lost to Detroit Red Wings
2022-01-30,2021020786,Los Angeles Kings,Pittsburgh Penguins,2022-01-30 - Pittsburgh Penguins lost to Los Angeles Kings
2022-02-02,2021020802,Washington Capitals,Pittsburgh Penguins,2022-02-02 - Pittsburgh Penguins lost to Washington Capitals
2022-02-09,2021020523,Pittsburgh Penguins,Boston Bruins,2022-02-09 - Pittsburgh Penguins beat Boston Bruins
2022-02-11,2021020559,Pittsburgh Penguins,Ottawa Senators,2022-02-11 - Pittsburgh Penguins beat Ottawa Senators
2022-02-13,2021020817,Pittsburgh Penguins,New Jersey Devils,2022-02-13 - Pittsburgh Penguins beat New Jersey Devils
2022-02-16,2021020514,Pittsburgh Penguins,Philadelphia Flyers,2022-02-16 - Pittsburgh Penguins beat Philadelphia Flyers
2022-02-18,2021020542,Toronto Maple Leafs,Pittsburgh Penguins,2022-02-18 - Pittsburgh Penguins lost to Toronto Maple Leafs
2022-02-20,2021021304,Carolina Hurricanes,Pittsburgh Penguins,2022-02-20 - Pittsburgh Penguins lost to Carolina Hurricanes
2022-02-25,2021020497,New Jersey Devils,Pittsburgh Penguins,2022-02-25 - Pittsburgh Penguins lost to New Jersey Devils
2022-02-26,2021020833,Pittsburgh Penguins,New York Rangers,2022-02-26 - Pittsburgh Penguins beat New York Rangers
2022-02-27,2021020841,Pittsburgh Penguins,Columbus Blue Jackets,2022-02-27 - Pittsburgh Penguins beat Columbus Blue Jackets
2022-03-04,2021020864,Pittsburgh Penguins,Tampa Bay Lightning,2022-03-04 - Pittsburgh Penguins beat Tampa Bay Lightning
2022-03-05,2021020876,Carolina Hurricanes,Pittsburgh Penguins,2022-03-05 - Pittsburgh Penguins lost to Carolina Hurricanes
2022-03-09,2021020906,Florida Panthers,Pittsburgh Penguins,2022-03-09 - Pittsburgh Penguins lost to Florida Panthers
2022-03-12,2021020929,Pittsburgh Penguins,Vegas Golden Knights,2022-03-12 - Pittsburgh Penguins beat Vegas Golden Knights
2022-03-13,2021020945,Pittsburgh Penguins,Carolina Hurricanes,2022-03-13 - Pittsburgh Penguins beat Carolina Hurricanes
2022-03-16,2021020958,Nashville Predators,Pittsburgh Penguins,2022-03-16 - Pittsburgh Penguins lost to Nashville Predators
2022-03-18,2021020972,Pittsburgh Penguins,St. Louis Blues,2022-03-18 - Pittsburgh Penguins beat St. Louis Blues
2022-03-19,2021020991,Pittsburgh Penguins,Arizona Coyotes,2022-03-19 - Pittsburgh Penguins beat Arizona Coyotes
2022-03-22,2021021007,Pittsburgh Penguins,Columbus Blue Jackets,2022-03-22 - Pittsburgh Penguins beat Columbus Blue Jackets
2022-03-23,2021021014,Buffalo Sabres,Pittsburgh Penguins,2022-03-23 - Pittsburgh Penguins lost to Buffalo Sabres
2022-03-25,2021021029,New York Rangers,Pittsburgh Penguins,2022-03-25 - Pittsburgh Penguins lost to New York Rangers
2022-03-27,2021021050,Pittsburgh Penguins,Detroit Red Wings,2022-03-27 - Pittsburgh Penguins beat Detroit Red Wings
2022-03-29,2021021062,New York Rangers,Pittsburgh Penguins,2022-03-29 - Pittsburgh Penguins lost to New York Rangers
2022-04-01,2021021079,Pittsburgh Penguins,Minnesota Wild,2022-04-01 - Pittsburgh Penguins beat Minnesota Wild
2022-04-02,2021021097,Colorado Avalanche,Pittsburgh Penguins,2022-04-02 - Pittsburgh Penguins lost to Colorado Avalanche
2022-04-05,2021021119,Colorado Avalanche,Pittsburgh Penguins,2022-04-05 - Pittsburgh Penguins lost to Colorado Avalanche
2022-04-07,2021021129,New York Rangers,Pittsburgh Penguins,2022-04-07 - Pittsburgh Penguins lost to New York Rangers
2022-04-09,2021021146,Washington Capitals,Pittsburgh Penguins,2022-04-09 - Pittsburgh Penguins lost to Washington Capitals
2022-04-10,2021021157,Pittsburgh Penguins,Nashville Predators,2022-04-10 - Pittsburgh Penguins beat Nashville Predators
2022-04-12,2021020922,New York Islanders,Pittsburgh Penguins,2022-04-12 - Pittsburgh Penguins lost to New York Islanders
2022-04-14,2021021185,Pittsburgh Penguins,New York Islanders,2022-04-14 - Pittsburgh Penguins beat New York Islanders
2022-04-16,2021021196,Boston Bruins,Pittsburgh Penguins,2022-04-16 - Pittsburgh Penguins lost to Boston Bruins
2022-04-21,2021021238,Pittsburgh Penguins,Boston Bruins,2022-04-21 - Pittsburgh Penguins beat Boston Bruins
2022-04-23,2021021251,Pittsburgh Penguins,Detroit Red Wings,2022-04-23 - Pittsburgh Penguins beat Detroit Red Wings
2022-04-24,2021021264,Philadelphia Flyers,Pittsburgh Penguins,2022-04-24 - Pittsburgh Penguins lost to Philadelphia Flyers
2022-04-26,2021021278,Edmonton Oilers,Pittsburgh Penguins,2022-04-26 - Pittsburgh Penguins lost to Edmonton Oilers
2022-04-29,2021021169,Pittsburgh Penguins,Columbus Blue Jackets,2022-04-29 - Pittsburgh Penguins beat Columbus Blue Jackets
2022-05-03,2021030141,Pittsburgh Penguins,New York Rangers,2022-05-03 - Pittsburgh Penguins beat New York Rangers
2022-05-05,2021030142,New York Rangers,Pittsburgh Penguins,2022-05-05 - Pittsburgh Penguins lost to New York Rangers
2022-05-07,2021030143,Pittsburgh Penguins,New York Rangers,2022-05-07 - Pittsburgh Penguins beat New York Rangers
2022-05-09,2021030144,Pittsburgh Penguins,New York Rangers,2022-05-09 - Pittsburgh Penguins beat New York Rangers
2022-05-11,2021030145,New York Rangers,Pittsburgh Penguins,2022-05-11 - Pittsburgh Penguins lost to New York Rangers
2022-05-13,2021030146,New York Rangers,Pittsburgh Penguins,2022-05-13 - Pittsburgh Penguins lost to New York Rangers
2022-05-15,2021030147,New York Rangers,Pittsburgh Penguins,2022-05-15 - Pittsburgh Penguins lost to New York Rangers
